# path	class
scripts/r1/mandate-bundle-v2.sh	committed-tree-proof
specs/m11-r1-event-key/MEASURED-SOURCES-v2.tsv	committed-tree-proof
specs/m11-r1-event-key/data-model.md	committed-tree-proof
specs/m11-r1-event-key/event-key-vectors-v2.tsv	committed-tree-proof
specs/m11-r1-event-key/flake-input-declaration-v2.tsv	committed-tree-proof
specs/m11-r1-event-key/functions-model.md	committed-tree-proof
specs/m11-r1-event-key/modules-model.md	committed-tree-proof
specs/m11-r1-event-key/plan.md	committed-tree-proof
specs/m11-r1-event-key/spec.md	committed-tree-proof
specs/m11-r1-event-key/tasks.md	committed-tree-proof
specs/m11-s0-size-failfast/SIZE-CONTRACTS.md	committed-tree-proof
specs/m11-s0-size-failfast/SIZE-REPORT.md	committed-tree-proof
